[
    {
        "id": 1,
        "name": "Toyota Yaris",
        "pricePerDay": 500,
        "seats": 5,
        "doors": 4,
        "AC": true,
        "image": "https://www.pngitem.com/pimgs/m/173-1733891_transparent-toyota-png-toyota-yaris-2012-hb-png.png"
    },
    {
        "id": 2,
        "name": "Toyota Aygo",
        "pricePerDay": 300,
        "seats": 3,
        "doors": 2,
        "AC": true,
        "image": "https://img-optimize.toyota-europe.com/resize/ccis/680x680/zip/pl/product-token/8e183be2-5fa8-4b05-94a6-21fdeae169c6/vehicle/42f0b9c5-3f0a-486c-9ec3-ab72669ef3ed/image-quality/70/day-exterior-4_8y5.png"
    },
    {
        "id": 3,
        "name": "Buick Skylark",
        "pricePerDay": 1500,
        "seats": 2,
        "doors": 2,
        "AC": false,
        "image": "https://www.nicepng.com/png/detail/246-2462468_buick-skylark-1953-png.png"
    },
    {
        "id": 4,
        "name": "Ford galaxy",
        "pricePerDay": 870,
        "seats": 7,
        "doors": 5,
        "AC": true,
        "image": "https://nawigacje.eu/wp-content/uploads/2018/04/galaxy.png"
    },
    {
        "id": 5,
        "name": "Pontiac Catalina",
        "pricePerDay": 120,
        "seats": 5,
        "doors": 4,
        "AC": false,
        "image": "https://static.wixstatic.com/media/f88402_304a251996654df1ab673ea640eb60f1~mv2.png/v1/fill/w_1183,h_786,al_c/f88402_304a251996654df1ab673ea640eb60f1~mv2.png"
    },
    {
        "id": 6,
        "name": "Ford Transit",
        "pricePerDay": 2300,
        "seats": 2,
        "doors": 3,
        "AC": true,
        "image": "https://www.kindpng.com/picc/m/434-4348363_2020-ford-transit-250-base-2020-ford-transit.png"
    }
]